<?xml version="1.0" encoding="UTF-8"?>
<scheme name="Vibrant Unknown (Dracula)" version="124" parent_scheme="Default">
  <option name="LINE_SPACING" value="1.0" />
  <font>
    <option name="EDITOR_FONT_NAME" value="Source Code Pro" />
    <option name="EDITOR_FONT_SIZE" value="12" />
  </font>
  <font>
    <option name="EDITOR_FONT_NAME" value="Consolas" />
    <option name="EDITOR_FONT_SIZE" value="12" />
  </font>
  <console-font>
    <option name="EDITOR_FONT_NAME" value="Consolas" />
    <option name="EDITOR_FONT_SIZE" value="12" />
  </console-font>
  <console-font>
    <option name="EDITOR_FONT_NAME" value="Source Code Pro Semibold" />
    <option name="EDITOR_FONT_SIZE" value="12" />
  </console-font>
  <colors>
    <option name="ADDED_LINES_COLOR" value="407f40" />
    <option name="ANNOTATIONS_COLOR" value="91ccff" />
    <option name="ANNOTATIONS_MERGED_COLOR" value="81c66f" />
    <option name="CARET_COLOR" value="ffffff" />
    <option name="CARET_ROW_COLOR" value="323200" />
    <option name="CONSOLE_BACKGROUND_KEY" value="0" />
    <option name="FILESTATUS_ADDED" value="629755" />
    <option name="FILESTATUS_DELETED" value="6c6c6c" />
    <option name="FILESTATUS_IDEA_FILESTATUS_DELETED_FROM_FILE_SYSTEM" value="6c6c6c" />
    <option name="FILESTATUS_IDEA_FILESTATUS_IGNORED" value="848504" />
    <option name="FILESTATUS_IDEA_FILESTATUS_MERGED_WITH_BOTH_CONFLICTS" value="d5756c" />
    <option name="FILESTATUS_IDEA_FILESTATUS_MERGED_WITH_CONFLICTS" value="d5756c" />
    <option name="FILESTATUS_IDEA_FILESTATUS_MERGED_WITH_PROPERTY_CONFLICTS" value="d5756c" />
    <option name="FILESTATUS_MERGED" value="9876aa" />
    <option name="FILESTATUS_MODIFIED" value="6897bb" />
    <option name="FILESTATUS_NOT_CHANGED_IMMEDIATE" value="6897bb" />
    <option name="FILESTATUS_NOT_CHANGED_RECURSIVE" value="6897bb" />
    <option name="FILESTATUS_UNKNOWN" value="d1675a" />
    <option name="FILESTATUS_addedOutside" value="629755" />
    <option name="FILESTATUS_changelistConflict" value="d5756c" />
    <option name="FILESTATUS_modifiedOutside" value="6897bb" />
    <option name="GUTTER_BACKGROUND" value="0" />
    <option name="INDENT_GUIDE" value="333333" />
    <option name="LINE_NUMBERS_COLOR" value="999999" />
    <option name="METHOD_SEPARATORS_COLOR" value="999999" />
    <option name="MODIFIED_LINES_COLOR" value="4d6f98" />
    <option name="NOTIFICATION_BACKGROUND" value="5b5b42" />
    <option name="READONLY_FRAGMENT_BACKGROUND" value="1c2d42" />
    <option name="REMOTE_HOST_MAPPED_BACKGROUND_KEY" value="202020" />
    <option name="RIGHT_MARGIN_COLOR" value="35493c" />
    <option name="SELECTED_INDENT_GUIDE" value="808080" />
    <option name="SELECTED_TEARLINE_COLOR" value="c0c0c0" />
    <option name="SELECTION_BACKGROUND" value="364b3e" />
    <option name="SOFT_WRAP_SIGN_COLOR" value="999999" />
    <option name="WHITESPACES" value="333333" />
  </colors>
  <attributes>
    <option name="ABSTRACT_CLASS_NAME_ATTRIBUTES">
      <value>
        <option name="FOREGROUND" value="9acd9a" />
        <option name="EFFECT_TYPE" value="0" />
      </value>
    </option>
    <option name="ANNOTATION_ATTRIBUTE_NAME_ATTRIBUTES">
      <value>
        <option name="FOREGROUND" value="9acd9a" />
        <option name="EFFECT_TYPE" value="0" />
      </value>
    </option>
    <option name="ANNOTATION_NAME_ATTRIBUTES">
      <value>
        <option name="FOREGROUND" value="b3e633" />
        <option name="EFFECT_TYPE" value="1" />
      </value>
    </option>
    <option name="ANONYMOUS_CLASS_NAME_ATTRIBUTES">
      <value>
        <option name="FOREGROUND" value="9acd9a" />
        <option name="EFFECT_TYPE" value="0" />
      </value>
    </option>
    <option name="ATTR_INTERNAL_CALL_ID">
      <value>
        <option name="BACKGROUND" value="a2cff5" />
        <option name="FONT_TYPE" value="1" />
        <option name="EFFECT_TYPE" value="0" />
      </value>
    </option>
    <option name="Attribute name">
      <value>
        <option name="FOREGROUND" value="9acd9a" />
        <option name="EFFECT_TYPE" value="0" />
      </value>
    </option>
    <option name="BAD_CHARACTER">
      <value>
        <option name="BACKGROUND" value="e64f4f" />
        <option name="EFFECT_TYPE" value="0" />
      </value>
    </option>
    <option name="BASH.EXTERNAL_COMMAND">
      <value>
        <option name="FOREGROUND" value="e66600" />
        <option name="EFFECT_TYPE" value="0" />
      </value>
    </option>
    <option name="BATCH.BRACES">
      <value>
        <option name="EFFECT_TYPE" value="0" />
      </value>
    </option>
    <option name="BATCH.COMMENT">
      <value>
        <option name="FOREGROUND" value="a83ee6" />
        <option name="EFFECT_TYPE" value="0" />
      </value>
    </option>
    <option name="BATCH.ENVIRONMENT_VARIABLE">
      <value>
        <option name="FOREGROUND" value="fffab1" />
        <option name="EFFECT_TYPE" value="-1" />
      </value>
    </option>
    <option name="BATCH.ENVIRONMENT_VARIABLE_DEFINITION">
      <value>
        <option name="FOREGROUND" value="e6e199" />
        <option name="EFFECT_TYPE" value="-1" />
      </value>
    </option>
    <option name="BATCH.EXPRESSION">
      <value>
        <option name="BACKGROUND" value="202020" />
        <option name="EFFECT_TYPE" value="-1" />
      </value>
    </option>
    <option name="BATCH.KEYWORD">
      <value>
        <option name="FOREGROUND" value="e66600" />
        <option name="EFFECT_TYPE" value="0" />
      </value>
    </option>
    <option name="BATCH.LABEL">
      <value>
        <option name="FOREGROUND" value="e6b531" />
        <option name="FONT_TYPE" value="1" />
        <option name="EFFECT_TYPE" value="-1" />
      </value>
    </option>
    <option name="BATCH.LABEL_REFERENCE">
      <value>
        <option name="FOREGROUND" value="e6b531" />
        <option name="EFFECT_TYPE" value="-1" />
      </value>
    </option>
    <option name="BATCH.NUMBER">
      <value>
        <option name="FOREGROUND" value="44b4cc" />
        <option name="EFFECT_TYPE" value="-1" />
      </value>
    </option>
    <option name="BATCH.OPERATION_SIGN">
      <value>
        <option name="EFFECT_TYPE" value="0" />
      </value>
    </option>
    <option name="BATCH.PARENTHS">
      <value>
        <option name="EFFECT_TYPE" value="0" />
      </value>
    </option>
    <option name="BATCH.STRING">
      <value>
        <option name="FOREGROUND" value="63e600" />
        <option name="EFFECT_TYPE" value="0" />
      </value>
    </option>
    <option name="BATCH.VARIABLE">
      <value>
        <option name="FOREGROUND" value="fffab1" />
        <option name="EFFECT_TYPE" value="-1" />
      </value>
    </option>
    <option name="BREAKPOINT_ATTRIBUTES">
      <value>
        <option name="BACKGROUND" value="e64f4f" />
        <option name="EFFECT_TYPE" value="0" />
      </value>
    </option>
    <option name="Bad character">
      <value>
        <option name="BACKGROUND" value="e64f4f" />
        <option name="EFFECT_TYPE" value="0" />
      </value>
    </option>
    <option name="Build-in Bash command">
      <value>
        <option name="FOREGROUND" value="ffcc33" />
        <option name="FONT_TYPE" value="1" />
        <option name="EFFECT_TYPE" value="0" />
      </value>
    </option>
    <option name="C.KEYWORD">
      <value>
        <option name="FOREGROUND" value="e66600" />
        <option name="EFFECT_TYPE" value="0" />
      </value>
    </option>
    <option name="CLASS_NAME_ATTRIBUTES">
      <value>
        <option name="FOREGROUND" value="9acd9a" />
        <option name="EFFECT_TYPE" value="0" />
      </value>
    </option>
    <option name="COFFEESCRIPT.CLASS_NAME">
      <value>
        <option name="FOREGROUND" value="9acd9a" />
        <option name="EFFECT_TYPE" value="0" />
      </value>
    </option>
    <option name="COFFEESCRIPT.FUNCTION">
      <value>
        <option name="FOREGROUND" value="e6b531" />
        <option name="EFFECT_TYPE" value="0" />
      </value>
    </option>
    <option name="COFFEESCRIPT.HEREGEX_CONTENT">
      <value>
        <option name="FOREGROUND" value="ffcc33" />
        <option name="EFFECT_TYPE" value="0" />
      </value>
    </option>
    <option name="COFFEESCRIPT.HEREGEX_ID">
      <value>
        <option name="FOREGROUND" value="ffcc33" />
        <option name="EFFECT_TYPE" value="0" />
      </value>
    </option>
    <option name="COFFEESCRIPT.IDENTIFIER">
      <value>
        <option name="FOREGROUND" value="fffab1" />
        <option name="EFFECT_TYPE" value="0" />
      </value>
    </option>
    <option name="COFFEESCRIPT.REGULAR_EXPRESSION_CONTENT">
      <value>
        <option name="FOREGROUND" value="ffcc33" />
        <option name="EFFECT_TYPE" value="0" />
      </value>
    </option>
    <option name="COFFEESCRIPT.REGULAR_EXPRESSION_FLAG">
      <value>
        <option name="FOREGROUND" value="fffab1" />
        <option name="EFFECT_TYPE" value="0" />
      </value>
    </option>
    <option name="COFFEESCRIPT.REGULAR_EXPRESSION_ID">
      <value>
        <option name="FOREGROUND" value="ffcc33" />
        <option name="EFFECT_TYPE" value="0" />
      </value>
    </option>
    <option name="CONSOLE_BLUE_OUTPUT">
      <value>
        <option name="FOREGROUND" value="8080ff" />
        <option name="EFFECT_TYPE" value="0" />
      </value>
    </option>
    <option name="CONSOLE_CYAN_OUTPUT">
      <value>
        <option name="FOREGROUND" value="80ffff" />
        <option name="EFFECT_TYPE" value="0" />
      </value>
    </option>
    <option name="CONSOLE_ERROR_OUTPUT">
      <value>
        <option name="FOREGROUND" value="e64f4f" />
        <option name="EFFECT_TYPE" value="0" />
      </value>
    </option>
    <option name="CONSOLE_GRAY_OUTPUT">
      <value>
        <option name="FOREGROUND" value="a0a0a0" />
        <option name="EFFECT_TYPE" value="0" />
      </value>
    </option>
    <option name="CONSOLE_GREEN_OUTPUT">
      <value>
        <option name="FOREGROUND" value="80ff80" />
        <option name="EFFECT_TYPE" value="0" />
      </value>
    </option>
    <option name="CONSOLE_MAGENTA_OUTPUT">
      <value>
        <option name="FOREGROUND" value="ff80ff" />
        <option name="EFFECT_TYPE" value="0" />
      </value>
    </option>
    <option name="CONSOLE_NORMAL_OUTPUT">
      <value>
        <option name="EFFECT_TYPE" value="0" />
      </value>
    </option>
    <option name="CONSOLE_RED_OUTPUT">
      <value>
        <option name="FOREGROUND" value="ff8080" />
        <option name="EFFECT_TYPE" value="0" />
      </value>
    </option>
    <option name="CONSOLE_SYSTEM_OUTPUT">
      <value>
        <option name="FOREGROUND" value="e66600" />
        <option name="EFFECT_TYPE" value="0" />
      </value>
    </option>
    <option name="CONSOLE_USER_INPUT">
      <value>
        <option name="FOREGROUND" value="ff00" />
        <option name="FONT_TYPE" value="2" />
        <option name="EFFECT_TYPE" value="0" />
      </value>
    </option>
    <option name="CONSOLE_YELLOW_OUTPUT">
      <value>
        <option name="FOREGROUND" value="ffff00" />
        <option name="EFFECT_TYPE" value="0" />
      </value>
    </option>
    <option name="CONSTRUCTOR_CALL_ATTRIBUTES">
      <value>
        <option name="FOREGROUND" value="ffcc33" />
        <option name="EFFECT_TYPE" value="0" />
      </value>
    </option>
    <option name="CONSTRUCTOR_DECLARATION_ATTRIBUTES">
      <value>
        <option name="FOREGROUND" value="e6b531" />
        <option name="EFFECT_TYPE" value="0" />
      </value>
    </option>
    <option name="CPP.BLOCK_COMMENT">
      <value>
        <option name="FOREGROUND" value="a83ee6" />
        <option name="EFFECT_TYPE" value="0" />
      </value>
    </option>
    <option name="CPP.BRACES">
      <value>
        <option name="EFFECT_TYPE" value="0" />
      </value>
    </option>
    <option name="CPP.BRACKETS">
      <value>
        <option name="EFFECT_TYPE" value="0" />
      </value>
    </option>
    <option name="CPP.COMMA">
      <value>
        <option name="FOREGROUND" value="e66600" />
        <option name="EFFECT_TYPE" value="0" />
      </value>
    </option>
    <option name="CPP.CONSTANT">
      <value>
        <option name="FOREGROUND" value="e67373" />
        <option name="FONT_TYPE" value="2" />
        <option name="EFFECT_TYPE" value="0" />
      </value>
    </option>
    <option name="CPP.DOT">
      <value>
        <option name="EFFECT_TYPE" value="0" />
      </value>
    </option>
    <option name="CPP.FIELD">
      <value>
        <option name="FOREGROUND" value="fffab1" />
        <option name="EFFECT_TYPE" value="0" />
      </value>
    </option>
    <option name="CPP.FUNCTION">
      <value>
        <option name="FOREGROUND" value="e6b531" />
        <option name="EFFECT_TYPE" value="0" />
      </value>
    </option>
    <option name="CPP.KEYWORD">
      <value>
        <option name="FOREGROUND" value="e66600" />
        <option name="EFFECT_TYPE" value="0" />
      </value>
    </option>
    <option name="CPP.LABEL">
      <value>
        <option name="FOREGROUND" value="e6b531" />
        <option name="EFFECT_TYPE" value="0" />
      </value>
    </option>
    <option name="CPP.LINE_COMMENT">
      <value>
        <option name="FOREGROUND" value="a83ee6" />
        <option name="EFFECT_TYPE" value="0" />
      </value>
    </option>
    <option name="CPP.MACROS">
      <value>
        <option name="FOREGROUND" value="e67373" />
        <option name="EFFECT_TYPE" value="0" />
      </value>
    </option>
    <option name="CPP.METHOD">
      <value>
        <option name="FOREGROUND" value="e6b531" />
        <option name="EFFECT_TYPE" value="0" />
      </value>
    </option>
    <option name="CPP.NAMESPACE">
      <value>
        <option name="FOREGROUND" value="9acd9a" />
        <option name="FONT_TYPE" value="1" />
        <option name="EFFECT_TYPE" value="0" />
      </value>
    </option>
    <option name="CPP.NUMBER">
      <value>
        <option name="FOREGROUND" value="44b4cc" />
        <option name="EFFECT_TYPE" value="0" />
      </value>
    </option>
    <option name="CPP.OPERATION_SIGN">
      <value>
        <option name="EFFECT_TYPE" value="0" />
      </value>
    </option>
    <option name="CPP.PARAMETER">
      <value>
        <option name="FOREGROUND" value="fffab1" />
        <option name="EFFECT_TYPE" value="1" />
      </value>
    </option>
    <option name="CPP.PARENTHS">
      <value>
        <option name="EFFECT_TYPE" value="0" />
      </value>
    </option>
    <option name="CPP.PP_ARG">
      <value>
        <option name="FOREGROUND" value="fffab1" />
        <option name="EFFECT_TYPE" value="0" />
      </value>
    </option>
    <option name="CPP.PP_SKIPPED">
      <value>
        <option name="FOREGROUND" value="999999" />
        <option name="FONT_TYPE" value="2" />
        <option name="EFFECT_TYPE" value="0" />
      </value>
    </option>
    <option name="CPP.SEMICOLON">
      <value>
        <option name="FOREGROUND" value="e66600" />
        <option name="EFFECT_TYPE" value="0" />
      </value>
    </option>
    <option name="CPP.STATIC">
      <value>
        <option name="FOREGROUND" value="fffab1" />
        <option name="EFFECT_TYPE" value="0" />
      </value>
    </option>
    <option name="CPP.STATIC_FUNCTION">
      <value>
        <option name="FOREGROUND" value="e6b531" />
        <option name="EFFECT_TYPE" value="0" />
      </value>
    </option>
    <option name="CPP.STRING">
      <value>
        <option name="FOREGROUND" value="63e600" />
        <option name="EFFECT_TYPE" value="0" />
      </value>
    </option>
    <option name="CPP.TYPE">
      <value>
        <option name="FOREGROUND" value="7ab4e6" />
        <option name="EFFECT_TYPE" value="0" />
      </value>
    </option>
    <option name="CPP.UNUSED">
      <value>
        <option name="FOREGROUND" value="999999" />
        <option name="EFFECT_TYPE" value="3" />
      </value>
    </option>
    <option name="CSS.FUNCTION">
      <value>
        <option name="FOREGROUND" value="7ab4e6" />
        <option name="FONT_TYPE" value="1" />
        <option name="EFFECT_TYPE" value="0" />
      </value>
    </option>
    <option name="CSS.IDENT">
      <value>
        <option name="FOREGROUND" value="e6b531" />
        <option name="EFFECT_TYPE" value="0" />
      </value>
    </option>
    <option name="CSS.IMPORTANT">
      <value>
        <option name="FOREGROUND" value="b3e633" />
        <option name="EFFECT_TYPE" value="0" />
      </value>
    </option>
    <option name="CSS.PROPERTY_VALUE">
      <value>
        <option name="FOREGROUND" value="ffffff" />
        <option name="EFFECT_TYPE" value="0" />
      </value>
    </option>
    <option name="CSS.URL">
      <value>
        <option name="FOREGROUND" value="b3e633" />
        <option name="EFFECT_TYPE" value="0" />
      </value>
    </option>
    <option name="CTRL_CLICKABLE">
      <value>
        <option name="FOREGROUND" value="589df6" />
        <option name="EFFECT_COLOR" value="589df6" />
        <option name="EFFECT_TYPE" value="1" />
      </value>
    </option>
    <option name="CUSTOM_INVALID_STRING_ESCAPE_ATTRIBUTES">
      <value>
        <option name="BACKGROUND" value="ff8080" />
        <option name="EFFECT_TYPE" value="0" />
      </value>
    </option>
    <option name="CUSTOM_KEYWORD1_ATTRIBUTES">
      <value>
        <option name="FOREGROUND" value="e66600" />
        <option name="EFFECT_TYPE" value="0" />
      </value>
    </option>
    <option name="CUSTOM_KEYWORD2_ATTRIBUTES">
      <value>
        <option name="FOREGROUND" value="e6b531" />
        <option name="EFFECT_TYPE" value="0" />
      </value>
    </option>
    <option name="CUSTOM_KEYWORD3_ATTRIBUTES">
      <value>
        <option name="FOREGROUND" value="7ab4e6" />
        <option name="EFFECT_TYPE" value="0" />
      </value>
    </option>
    <option name="CUSTOM_KEYWORD4_ATTRIBUTES">
      <value>
        <option name="FOREGROUND" value="fffab1" />
        <option name="EFFECT_TYPE" value="0" />
      </value>
    </option>
    <option name="CUSTOM_LINE_COMMENT_ATTRIBUTES">
      <value>
        <option name="FOREGROUND" value="a83ee6" />
        <option name="EFFECT_TYPE" value="0" />
      </value>
    </option>
    <option name="CUSTOM_MULTI_LINE_COMMENT_ATTRIBUTES">
      <value>
        <option name="FOREGROUND" value="a83ee6" />
        <option name="EFFECT_TYPE" value="0" />
      </value>
    </option>
    <option name="CUSTOM_NUMBER_ATTRIBUTES">
      <value>
        <option name="FOREGROUND" value="44b4cc" />
        <option name="EFFECT_TYPE" value="0" />
      </value>
    </option>
    <option name="CUSTOM_STRING_ATTRIBUTES">
      <value>
        <option name="FOREGROUND" value="63e600" />
        <option name="EFFECT_TYPE" value="0" />
      </value>
    </option>
    <option name="CUSTOM_VALID_STRING_ESCAPE_ATTRIBUTES">
      <value>
        <option name="FOREGROUND" value="90b4cd" />
        <option name="FONT_TYPE" value="1" />
        <option name="EFFECT_TYPE" value="0" />
      </value>
    </option>
    <option name="Class">
      <value>
        <option name="FOREGROUND" value="9acd9a" />
        <option name="EFFECT_TYPE" value="0" />
      </value>
    </option>
    <option name="Clojure Atom">
      <value>
        <option name="FOREGROUND" value="e6b531" />
        <option name="EFFECT_TYPE" value="0" />
      </value>
    </option>
    <option name="Clojure Character">
      <value>
        <option name="FOREGROUND" value="90b4cd" />
        <option name="EFFECT_TYPE" value="0" />
      </value>
    </option>
    <option name="Cmd.BRACES">
      <value>
        <option name="EFFECT_TYPE" value="0" />
      </value>
    </option>
    <option name="Cmd.COMMENT">
      <value>
        <option name="FOREGROUND" value="a83ee6" />
        <option name="FONT_TYPE" value="2" />
        <option name="EFFECT_TYPE" value="0" />
      </value>
    </option>
    <option name="Cmd.ENVIRONMENT_VARIABLE">
      <value>
        <option name="FOREGROUND" value="fffab1" />
        <option name="FONT_TYPE" value="3" />
        <option name="EFFECT_TYPE" value="-1" />
      </value>
    </option>
    <option name="Cmd.ENVIRONMENT_VARIABLE_DEFINITION">
      <value>
        <option name="FOREGROUND" value="fffab1" />
        <option name="FONT_TYPE" value="1" />
        <option name="EFFECT_TYPE" value="-1" />
      </value>
    </option>
    <option name="Cmd.EXPRESSION">
      <value>
        <option name="BACKGROUND" value="202020" />
        <option name="EFFECT_TYPE" value="-1" />
      </value>
    </option>
    <option name="Cmd.KEYWORD">
      <value>
        <option name="FOREGROUND" value="e66600" />
        <option name="EFFECT_TYPE" value="0" />
      </value>
    </option>
    <option name="Cmd.LABEL">
      <value>
        <option name="FOREGROUND" value="e6b531" />
        <option name="FONT_TYPE" value="1" />
        <option name="EFFECT_TYPE" value="-1" />
      </value>
    </option>
    <option name="Cmd.LABEL_REFERENCE">
      <value>
        <option name="FOREGROUND" value="e6b531" />
        <option name="FONT_TYPE" value="3" />
        <option name="EFFECT_TYPE" value="-1" />
      </value>
    </option>
    <option name="Cmd.NUMBER">
      <value>
        <option name="FOREGROUND" value="44b4cc" />
        <option name="EFFECT_TYPE" value="0" />
      </value>
    </option>
    <option name="Cmd.OPERATION_SIGN">
      <value>
        <option name="EFFECT_TYPE" value="0" />
      </value>
    </option>
    <option name="Cmd.PARENTHS">
      <value>
        <option name="EFFECT_TYPE" value="0" />
      </value>
    </option>
    <option name="Cmd.STRING">
      <value>
        <option name="FOREGROUND" value="63e600" />
        <option name="EFFECT_TYPE" value="0" />
      </value>
    </option>
    <option name="Cmd.VARIABLE">
      <value>
        <option name="FOREGROUND" value="fffab1" />
        <option name="FONT_TYPE" value="3" />
        <option name="EFFECT_TYPE" value="-1" />
      </value>
    </option>
    <option name="Comment">
      <value>
        <option name="FOREGROUND" value="a83ee6" />
        <option name="EFFECT_TYPE" value="0" />
      </value>
    </option>
    <option name="DART.BADCHARACTER">
      <value>
        <option name="FOREGROUND" value="0" />
        <option name="BACKGROUND" value="ffcccc" />
        <option name="EFFECT_TYPE" value="0" />
      </value>
    </option>
    <option name="DART.BUILTIN_TYPES">
      <value>
        <option name="FOREGROUND" value="ccff33" />
        <option name="FONT_TYPE" value="1" />
        <option name="EFFECT_TYPE" value="0" />
      </value>
    </option>
    <option name="DART.COMMENT">
      <value>
        <option name="FOREGROUND" value="9933cc" />
        <option name="FONT_TYPE" value="2" />
        <option name="EFFECT_TYPE" value="0" />
      </value>
    </option>
    <option name="DART.KEYWORD">
      <value>
        <option name="FOREGROUND" value="ff6600" />
        <option name="FONT_TYPE" value="1" />
        <option name="EFFECT_TYPE" value="0" />
      </value>
    </option>
    <option name="DART.NUMBER">
      <value>
        <option name="FOREGROUND" value="44b4cc" />
        <option name="EFFECT_TYPE" value="0" />
      </value>
    </option>
    <option name="DART.STRING">
      <value>
        <option name="FOREGROUND" value="66ff00" />
        <option name="FONT_TYPE" value="1" />
        <option name="EFFECT_TYPE" value="0" />
      </value>
    </option>
    <option name="DART.UNRESERVED_KEYWORD">
      <value>
        <option name="FOREGROUND" value="ffcc33" />
        <option name="FONT_TYPE" value="1" />
        <option name="EFFECT_TYPE" value="0" />
      </value>
    </option>
    <option name="DEFAULT_ATTRIBUTE">
      <value>
        <option name="FOREGROUND" value="9acd9a" />
        <option name="EFFECT_TYPE" value="0" />
      </value>
    </option>
    <option name="DEFAULT_BLOCK_COMMENT">
      <value>
        <option name="FOREGROUND" value="a83ee6" />
        <option name="EFFECT_TYPE" value="0" />
      </value>
    </option>
    <option name="DEFAULT_BRACES">
      <value>
        <option name="EFFECT_TYPE" value="0" />
      </value>
    </option>
    <option name="DEFAULT_BRACKETS">
      <value>
        <option name="EFFECT_TYPE" value="0" />
      </value>
    </option>
    <option name="DEFAULT_CLASS_NAME">
      <value>
        <option name="FOREGROUND" value="9acd9a" />
        <option name="EFFECT_TYPE" value="0" />
      </value>
    </option>
    <option name="DEFAULT_COMMA">
      <value>
        <option name="FOREGROUND" value="e66600" />
        <option name="EFFECT_TYPE" value="0" />
      </value>
    </option>
    <option name="DEFAULT_CONSTANT">
      <value>
        <option name="FOREGROUND" value="e67373" />
        <option name="EFFECT_TYPE" value="0" />
      </value>
    </option>
    <option name="DEFAULT_DOC_COMMENT">
      <value>
        <option name="FOREGROUND" value="659b58" />
        <option name="EFFECT_TYPE" value="0" />
      </value>
    </option>
    <option name="DEFAULT_DOC_COMMENT_TAG">
      <value>
        <option name="FOREGROUND" value="ccff33" />
        <option name="EFFECT_TYPE" value="1" />
      </value>
    </option>
    <option name="DEFAULT_DOC_MARKUP">
      <value>
        <option name="FOREGROUND" value="659b58" />
        <option name="BACKGROUND" value="202020" />
        <option name="EFFECT_TYPE" value="0" />
      </value>
    </option>
    <option name="DEFAULT_DOT">
      <value>
        <option name="EFFECT_TYPE" value="0" />
      </value>
    </option>
    <option name="DEFAULT_ENTITY">
      <value>
        <option name="FOREGROUND" value="9acd9a" />
        <option name="EFFECT_TYPE" value="0" />
      </value>
    </option>
    <option name="DEFAULT_FUNCTION_CALL">
      <value>
        <option name="FOREGROUND" value="ffcc33" />
        <option name="EFFECT_TYPE" value="0" />
      </value>
    </option>
    <option name="DEFAULT_FUNCTION_DECLARATION">
      <value>
        <option name="FOREGROUND" value="e6b531" />
        <option name="EFFECT_TYPE" value="0" />
      </value>
    </option>
    <option name="DEFAULT_GLOBAL_VARIABLE">
      <value>
        <option name="FOREGROUND" value="e6e199" />
        <option name="EFFECT_TYPE" value="0" />
      </value>
    </option>
    <option name="DEFAULT_IDENTIFIER">
      <value>
        <option name="FOREGROUND" value="e6b531" />
        <option name="EFFECT_TYPE" value="0" />
      </value>
    </option>
    <option name="DEFAULT_INSTANCE_FIELD">
      <value>
        <option name="FOREGROUND" value="fffab1" />
        <option name="EFFECT_TYPE" value="0" />
      </value>
    </option>
    <option name="DEFAULT_INVALID_STRING_ESCAPE">
      <value>
        <option name="FOREGROUND" value="ffffff" />
        <option name="BACKGROUND" value="e64f4f" />
        <option name="EFFECT_TYPE" value="0" />
      </value>
    </option>
    <option name="DEFAULT_KEYWORD">
      <value>
        <option name="FOREGROUND" value="e66600" />
        <option name="EFFECT_TYPE" value="0" />
      </value>
    </option>
    <option name="DEFAULT_LINE_COMMENT">
      <value>
        <option name="FOREGROUND" value="a83ee6" />
        <option name="EFFECT_TYPE" value="0" />
      </value>
    </option>
    <option name="DEFAULT_LOCAL_VARIABLE">
      <value>
        <option name="FOREGROUND" value="fffab1" />
        <option name="EFFECT_TYPE" value="0" />
      </value>
    </option>
    <option name="DEFAULT_METADATA">
      <value>
        <option name="FOREGROUND" value="b3e633" />
        <option name="EFFECT_TYPE" value="0" />
      </value>
    </option>
    <option name="DEFAULT_NUMBER">
      <value>
        <option name="FOREGROUND" value="44b4cc" />
        <option name="EFFECT_TYPE" value="0" />
      </value>
    </option>
    <option name="DEFAULT_OPERATION_SIGN">
      <value>
        <option name="EFFECT_TYPE" value="0" />
      </value>
    </option>
    <option name="DEFAULT_PARAMETER">
      <value>
        <option name="FOREGROUND" value="fffab1" />
        <option name="EFFECT_TYPE" value="0" />
      </value>
    </option>
    <option name="DEFAULT_PARENTHS">
      <value>
        <option name="EFFECT_TYPE" value="0" />
      </value>
    </option>
    <option name="DEFAULT_PREDEFINED_SYMBOL">
      <value>
        <option name="FOREGROUND" value="7ab4e6" />
        <option name="EFFECT_TYPE" value="0" />
      </value>
    </option>
    <option name="DEFAULT_SEMICOLON">
      <value>
        <option name="FOREGROUND" value="e66600" />
        <option name="EFFECT_TYPE" value="0" />
      </value>
    </option>
    <option name="DEFAULT_STATIC_FIELD">
      <value>
        <option name="FOREGROUND" value="fffab1" />
        <option name="EFFECT_TYPE" value="0" />
      </value>
    </option>
    <option name="DEFAULT_STRING">
      <value>
        <option name="FOREGROUND" value="63e600" />
        <option name="EFFECT_TYPE" value="0" />
      </value>
    </option>
    <option name="DEFAULT_TAG">
      <value>
        <option name="FOREGROUND" value="fd6600" />
        <option name="EFFECT_TYPE" value="0" />
      </value>
    </option>
    <option name="DEFAULT_TEMPLATE_LANGUAGE_COLOR">
      <value>
        <option name="FOREGROUND" value="ffffff" />
        <option name="BACKGROUND" value="202020" />
        <option name="EFFECT_TYPE" value="0" />
      </value>
    </option>
    <option name="DEFAULT_VALID_STRING_ESCAPE">
      <value>
        <option name="FOREGROUND" value="90b4cd" />
        <option name="FONT_TYPE" value="1" />
        <option name="EFFECT_TYPE" value="0" />
      </value>
    </option>
    <option name="DELETED_TEXT_ATTRIBUTES">
      <value>
        <option name="FOREGROUND" value="c3c3c3" />
        <option name="EFFECT_TYPE" value="1" />
      </value>
    </option>
    <option name="DEPRECATED_ATTRIBUTES">
      <value>
        <option name="EFFECT_COLOR" value="808080" />
        <option name="EFFECT_TYPE" value="3" />
      </value>
    </option>
    <option name="DIFF_CONFLICT">
      <value>
        <option name="BACKGROUND" value="5f2d2d" />
        <option name="ERROR_STRIPE_COLOR" value="8f5247" />
        <option name="EFFECT_TYPE" value="0" />
      </value>
    </option>
    <option name="DIFF_DELETED">
      <value>
        <option name="BACKGROUND" value="4b4b4b" />
        <option name="ERROR_STRIPE_COLOR" value="656e76" />
        <option name="EFFECT_TYPE" value="0" />
      </value>
    </option>
    <option name="DIFF_INSERTED">
      <value>
        <option name="BACKGROUND" value="1f3e1f" />
        <option name="ERROR_STRIPE_COLOR" value="447152" />
        <option name="EFFECT_TYPE" value="0" />
      </value>
    </option>
    <option name="DIFF_MODIFIED">
      <value>
        <option name="BACKGROUND" value="2a3f5f" />
        <option name="ERROR_STRIPE_COLOR" value="43698d" />
        <option name="EFFECT_TYPE" value="0" />
      </value>
    </option>
    <option name="DJANGO_ID">
      <value>
        <option name="FOREGROUND" value="e6b531" />
        <option name="EFFECT_TYPE" value="0" />
      </value>
    </option>
    <option name="DJANGO_TAG_START_END">
      <value>
        <option name="FOREGROUND" value="81e6" />
        <option name="EFFECT_TYPE" value="0" />
      </value>
    </option>
    <option name="DOC_COMMENT_TAG_VALUE">
      <value>
        <option name="FOREGROUND" value="659b58" />
        <option name="FONT_TYPE" value="3" />
        <option name="EFFECT_TYPE" value="0" />
      </value>
    </option>
    <option name="DUPLICATE_FROM_SERVER">
      <value>
        <option name="BACKGROUND" value="505050" />
        <option name="EFFECT_TYPE" value="0" />
      </value>
    </option>
    <option name="EL.BOUNDS">
      <value>
        <option name="FOREGROUND" value="81e6" />
        <option name="FONT_TYPE" value="1" />
        <option name="EFFECT_TYPE" value="0" />
      </value>
    </option>
    <option name="ERRORS_ATTRIBUTES">
      <value>
        <option name="EFFECT_COLOR" value="e64f4f" />
        <option name="ERROR_STRIPE_COLOR" value="e64f4f" />
        <option name="EFFECT_TYPE" value="2" />
      </value>
    </option>
    <option name="EXECUTIONPOINT_ATTRIBUTES">
      <value>
        <option name="FOREGROUND" value="ffffff" />
        <option name="BACKGROUND" value="ff" />
        <option name="EFFECT_TYPE" value="0" />
      </value>
    </option>
    <option name="External command">
      <value>
        <option name="FOREGROUND" value="ccff33" />
        <option name="FONT_TYPE" value="2" />
        <option name="EFFECT_TYPE" value="0" />
      </value>
    </option>
    <option name="FOLDED_TEXT_ATTRIBUTES">
      <value>
        <option name="BACKGROUND" value="202020" />
        <option name="FONT_TYPE" value="1" />
        <option name="EFFECT_TYPE" value="1" />
      </value>
    </option>
    <option name="FOLLOWED_HYPERLINK_ATTRIBUTES">
      <value>
        <option name="FOREGROUND" value="b3e633" />
        <option name="EFFECT_COLOR" value="b3e633" />
        <option name="EFFECT_TYPE" value="1" />
      </value>
    </option>
    <option name="Function call">
      <value>
        <option name="FOREGROUND" value="ccff33" />
        <option name="FONT_TYPE" value="2" />
        <option name="EFFECT_TYPE" value="0" />
      </value>
    </option>
    <option name="GENERIC_SERVER_ERROR_OR_WARNING">
      <value>
        <option name="EFFECT_COLOR" value="e6b531" />
        <option name="ERROR_STRIPE_COLOR" value="e6b531" />
        <option name="EFFECT_TYPE" value="2" />
      </value>
    </option>
    <option name="GHERKIN_TABLE_PIPE">
      <value>
        <option name="FOREGROUND" value="7ab4e6" />
        <option name="EFFECT_TYPE" value="0" />
      </value>
    </option>
    <option name="GQL_ID">
      <value>
        <option name="FOREGROUND" value="e6b531" />
        <option name="EFFECT_TYPE" value="0" />
      </value>
    </option>
    <option name="GROOVY_KEYWORD">
      <value>
        <option name="FOREGROUND" value="e66600" />
        <option name="EFFECT_TYPE" value="0" />
      </value>
    </option>
    <option name="HAML_CLASS">
      <value>
        <option name="FOREGROUND" value="9acd9a" />
        <option name="FONT_TYPE" value="1" />
        <option name="EFFECT_TYPE" value="0" />
      </value>
    </option>
    <option name="HAML_COMMENT">
      <value>
        <option name="FOREGROUND" value="a83ee6" />
        <option name="EFFECT_TYPE" value="0" />
      </value>
    </option>
    <option name="HAML_TAG">
      <value>
        <option name="FOREGROUND" value="81e6" />
        <option name="EFFECT_TYPE" value="0" />
      </value>
    </option>
    <option name="HYPERLINK_ATTRIBUTES">
      <value>
        <option name="FOREGROUND" value="b3e633" />
        <option name="EFFECT_COLOR" value="b3e633" />
        <option name="EFFECT_TYPE" value="1" />
      </value>
    </option>
    <option name="Here-document">
      <value>
        <option name="BACKGROUND" value="424242" />
        <option name="EFFECT_TYPE" value="0" />
      </value>
    </option>
    <option name="Here-document end marker">
      <value>
        <option name="FOREGROUND" value="999966" />
        <option name="FONT_TYPE" value="1" />
        <option name="EFFECT_TYPE" value="0" />
      </value>
    </option>
    <option name="Here-document start marker">
      <value>
        <option name="FOREGROUND" value="999966" />
        <option name="FONT_TYPE" value="1" />
        <option name="EFFECT_TYPE" value="0" />
      </value>
    </option>
    <option name="IDENTIFIER_UNDER_CARET_ATTRIBUTES">
      <value>
        <option name="BACKGROUND" value="364b3d" />
        <option name="ERROR_STRIPE_COLOR" value="8080" />
        <option name="EFFECT_TYPE" value="0" />
      </value>
    </option>
    <option name="IMPLICIT_ANONYMOUS_CLASS_PARAMETER_ATTRIBUTES">
      <value>
        <option name="FOREGROUND" value="fffab1" />
        <option name="EFFECT_TYPE" value="0" />
      </value>
    </option>
    <option name="INCLUDE_JAVA_CALL">
      <value>
        <option name="BACKGROUND" value="f7b891" />
        <option name="FONT_TYPE" value="1" />
        <option name="EFFECT_TYPE" value="0" />
      </value>
    </option>
    <option name="INFO_ATTRIBUTES">
      <value>
        <option name="EFFECT_COLOR" value="cccccc" />
        <option name="ERROR_STRIPE_COLOR" value="fffab1" />
        <option name="EFFECT_TYPE" value="2" />
      </value>
    </option>
    <option name="INJECTED_LANGUAGE_FRAGMENT">
      <value>
        <option name="BACKGROUND" value="202020" />
        <option name="EFFECT_TYPE" value="0" />
      </value>
    </option>
    <option name="INSPECTION_MULTIPLE_RESOLVE_WARNING_ID">
      <value>
        <option name="BACKGROUND" value="ffdcd4" />
        <option name="ERROR_STRIPE_COLOR" value="f9b2b2" />
        <option name="EFFECT_TYPE" value="0" />
      </value>
    </option>
    <option name="INSTANCE_FIELD_ATTRIBUTES">
      <value>
        <option name="FOREGROUND" value="fffab1" />
        <option name="EFFECT_TYPE" value="0" />
      </value>
    </option>
    <option name="INTERFACE_NAME_ATTRIBUTES">
      <value>
        <option name="FOREGROUND" value="9acd9a" />
        <option name="EFFECT_TYPE" value="0" />
      </value>
    </option>
    <option name="Instance property reference ID">
      <value>
        <option name="FOREGROUND" value="fffab1" />
        <option name="EFFECT_TYPE" value="0" />
      </value>
    </option>
    <option name="JADE_ATTRIBUTE_NAME">
      <value>
        <option name="FOREGROUND" value="99cc99" />
        <option name="EFFECT_TYPE" value="0" />
      </value>
    </option>
    <option name="JADE_COMMENT">
      <value>
        <option name="FOREGROUND" value="9933cc" />
        <option name="EFFECT_TYPE" value="0" />
      </value>
    </option>
    <option name="JADE_DOCTYPE">
      <value>
        <option name="FOREGROUND" value="ff6600" />
        <option name="EFFECT_TYPE" value="0" />
      </value>
    </option>
    <option name="JADE_FILE_PATH">
      <value>
        <option name="FOREGROUND" value="91ccff" />
        <option name="EFFECT_TYPE" value="0" />
      </value>
    </option>
    <option name="JADE_JS_BLOCK">
      <value>
        <option name="FOREGROUND" value="ccff33" />
        <option name="EFFECT_TYPE" value="0" />
      </value>
    </option>
    <option name="JADE_OPERATION_SIGN">
      <value>
        <option name="FOREGROUND" value="99cc99" />
        <option name="EFFECT_TYPE" value="0" />
      </value>
    </option>
    <option name="JADE_STATEMENTS">
      <value>
        <option name="FOREGROUND" value="ff6600" />
        <option name="EFFECT_TYPE" value="0" />
      </value>
    </option>
    <option name="JADE_TAG_CLASS">
      <value>
        <option name="FOREGROUND" value="99cc99" />
        <option name="FONT_TYPE" value="2" />
        <option name="EFFECT_TYPE" value="1" />
      </value>
    </option>
    <option name="JADE_TAG_ID">
      <value>
        <option name="FOREGROUND" value="99cc99" />
        <option name="EFFECT_TYPE" value="0" />
      </value>
    </option>
    <option name="JADE_TAG_NAME">
      <value>
        <option name="FOREGROUND" value="ff6600" />
        <option name="EFFECT_TYPE" value="0" />
      </value>
    </option>
    <option name="JADE_TEXT">
      <value>
        <option name="EFFECT_TYPE" value="0" />
      </value>
    </option>
    <option name="JADE_UNBUF_COMMENT">
      <value>
        <option name="FOREGROUND" value="9933cc" />
        <option name="EFFECT_TYPE" value="0" />
      </value>
    </option>
    <option name="JS.REGEXP">
      <value>
        <option name="FOREGROUND" value="ffcc33" />
        <option name="EFFECT_TYPE" value="-1" />
      </value>
    </option>
    <option name="KOTLIN_AUTO_CASTED_VALUE">
      <value>
        <option name="BACKGROUND" value="202020" />
        <option name="EFFECT_TYPE" value="0" />
      </value>
    </option>
    <option name="KOTLIN_BACKING_FIELD_ACCESS">
      <value>
        <option name="EFFECT_TYPE" value="0" />
      </value>
    </option>
    <option name="KOTLIN_CLOSURE_DEFAULT_PARAMETER">
      <value>
        <option name="FONT_TYPE" value="1" />
        <option name="EFFECT_TYPE" value="0" />
      </value>
    </option>
    <option name="KOTLIN_EXTENSION_FUNCTION_CALL">
      <value>
        <option name="EFFECT_TYPE" value="0" />
      </value>
    </option>
    <option name="KOTLIN_EXTENSION_PROPERTY">
      <value>
        <option name="EFFECT_TYPE" value="0" />
      </value>
    </option>
    <option name="KOTLIN_FUNCTION_LITERAL_BRACES_AND_ARROW">
      <value>
        <option name="FONT_TYPE" value="1" />
        <option name="EFFECT_TYPE" value="0" />
      </value>
    </option>
    <option name="KOTLIN_LABEL">
      <value>
        <option name="FOREGROUND" value="e6b531" />
        <option name="EFFECT_TYPE" value="0" />
      </value>
    </option>
    <option name="KOTLIN_MUTABLE_VARIABLE">
      <value>
        <option name="EFFECT_TYPE" value="1" />
      </value>
    </option>
    <option name="KOTLIN_PROPERTY_WITH_BACKING_FIELD">
      <value>
        <option name="EFFECT_TYPE" value="0" />
      </value>
    </option>
    <option name="KOTLIN_VARIABLE_AS_FUNCTION">
      <value>
        <option name="EFFECT_TYPE" value="0" />
      </value>
    </option>
    <option name="KOTLIN_VARIABLE_AS_FUNCTION_LIKE">
      <value>
        <option name="EFFECT_TYPE" value="0" />
      </value>
    </option>
    <option name="LINE_FULL_COVERAGE">
      <value>
        <option name="FOREGROUND" value="ccffcc" />
        <option name="FONT_TYPE" value="1" />
        <option name="EFFECT_TYPE" value="0" />
      </value>
    </option>
    <option name="LINE_NONE_COVERAGE">
      <value>
        <option name="FOREGROUND" value="ffcccc" />
        <option name="FONT_TYPE" value="1" />
        <option name="EFFECT_TYPE" value="0" />
      </value>
    </option>
    <option name="LINE_PARTIAL_COVERAGE">
      <value>
        <option name="FOREGROUND" value="ffffcc" />
        <option name="FONT_TYPE" value="1" />
        <option name="EFFECT_TYPE" value="0" />
      </value>
    </option>
    <option name="LIVE_TEMPLATE_ATTRIBUTES">
      <value>
        <option name="EFFECT_COLOR" value="ff0000" />
        <option name="EFFECT_TYPE" value="0" />
      </value>
    </option>
    <option name="LOCALE.MSGCTXT_KEYWORD">
      <value>
        <option name="FOREGROUND" value="99ff" />
        <option name="EFFECT_TYPE" value="0" />
      </value>
    </option>
    <option name="LOCALE.MSGID_KEYWORD">
      <value>
        <option name="FOREGROUND" value="99ff" />
        <option name="EFFECT_TYPE" value="0" />
      </value>
    </option>
    <option name="LOCALE.MSGID_PLURAL_KEYWORD">
      <value>
        <option name="FOREGROUND" value="99ff" />
        <option name="EFFECT_TYPE" value="0" />
      </value>
    </option>
    <option name="LOCALE.MSGSTR_KEYWORD">
      <value>
        <option name="FOREGROUND" value="99ff" />
        <option name="EFFECT_TYPE" value="0" />
      </value>
    </option>
    <option name="LOCALE.MSGSTR_PLURAL_KEYWORD">
      <value>
        <option name="FOREGROUND" value="99ff" />
        <option name="EFFECT_TYPE" value="0" />
      </value>
    </option>
    <option name="LOCAL_VARIABLE_ATTRIBUTES">
      <value>
        <option name="FOREGROUND" value="fffab1" />
        <option name="EFFECT_TYPE" value="0" />
      </value>
    </option>
    <option name="LOG_ERROR_OUTPUT">
      <value>
        <option name="FOREGROUND" value="e64f4f" />
        <option name="EFFECT_TYPE" value="0" />
      </value>
    </option>
    <option name="LOG_EXPIRED_ENTRY">
      <value>
        <option name="FOREGROUND" value="999999" />
        <option name="EFFECT_TYPE" value="0" />
      </value>
    </option>
    <option name="LOG_WARNING_OUTPUT">
      <value>
        <option name="FOREGROUND" value="e6b531" />
        <option name="EFFECT_TYPE" value="0" />
      </value>
    </option>
    <option name="List/map to object conversion">
      <value>
        <option name="EFFECT_TYPE" value="5" />
      </value>
    </option>
    <option name="MAKO.TAG">
      <value>
        <option name="FOREGROUND" value="81e6" />
        <option name="EFFECT_TYPE" value="0" />
      </value>
    </option>
    <option name="MARKDOWN.ABBREVIATION">
      <value>
        <option name="FONT_TYPE" value="1" />
        <option name="EFFECT_TYPE" value="-1" />
      </value>
    </option>
    <option name="MARKDOWN.AUTO_LINK">
      <value>
        <option name="FOREGROUND" value="99ff" />
        <option name="EFFECT_TYPE" value="-1" />
      </value>
    </option>
    <option name="MARKDOWN.BLOCK_QUOTE">
      <value>
        <option name="FOREGROUND" value="83a6c1" />
        <option name="EFFECT_TYPE" value="-1" />
      </value>
    </option>
    <option name="MARKDOWN.BULLET_LIST">
      <value>
        <option name="FOREGROUND" value="ff8080" />
        <option name="EFFECT_TYPE" value="-1" />
      </value>
    </option>
    <option name="MARKDOWN.CODE">
      <value>
        <option name="BACKGROUND" value="202020" />
        <option name="EFFECT_TYPE" value="0" />
      </value>
    </option>
    <option name="MARKDOWN.DEFINITION_TERM">
      <value>
        <option name="FONT_TYPE" value="1" />
        <option name="EFFECT_TYPE" value="1" />
      </value>
    </option>
    <option name="MARKDOWN.EXPLICIT_LINK">
      <value>
        <option name="FOREGROUND" value="99ff" />
        <option name="EFFECT_TYPE" value="-1" />
      </value>
    </option>
    <option name="MARKDOWN.HTML_BLOCK">
      <value>
        <option name="FOREGROUND" value="ff8080" />
        <option name="EFFECT_TYPE" value="-1" />
      </value>
    </option>
    <option name="MARKDOWN.IMAGE">
      <value>
        <option name="FOREGROUND" value="99ff" />
        <option name="FONT_TYPE" value="2" />
        <option name="EFFECT_TYPE" value="-1" />
      </value>
    </option>
    <option name="MARKDOWN.INLINE_HTML">
      <value>
        <option name="FOREGROUND" value="ff8080" />
        <option name="EFFECT_TYPE" value="-1" />
      </value>
    </option>
    <option name="MARKDOWN.LINK">
      <value>
        <option name="FOREGROUND" value="99ff" />
        <option name="EFFECT_TYPE" value="-1" />
      </value>
    </option>
    <option name="MARKDOWN.LIST_ITEM">
      <value>
        <option name="FOREGROUND" value="91ccff" />
        <option name="EFFECT_TYPE" value="-1" />
      </value>
    </option>
    <option name="MARKDOWN.MAIL_LINK">
      <value>
        <option name="FOREGROUND" value="99ff" />
        <option name="EFFECT_TYPE" value="-1" />
      </value>
    </option>
    <option name="MARKDOWN.ORDERED_LIST">
      <value>
        <option name="FOREGROUND" value="ff8080" />
        <option name="EFFECT_TYPE" value="-1" />
      </value>
    </option>
    <option name="MARKDOWN.REFERENCE">
      <value>
        <option name="FOREGROUND" value="ff8080" />
        <option name="EFFECT_TYPE" value="-1" />
      </value>
    </option>
    <option name="MARKDOWN.REFERENCE_LINK">
      <value>
        <option name="FOREGROUND" value="99ff" />
        <option name="EFFECT_TYPE" value="-1" />
      </value>
    </option>
    <option name="MARKDOWN.TABLE_HEADER">
      <value>
        <option name="FONT_TYPE" value="1" />
        <option name="EFFECT_TYPE" value="-1" />
      </value>
    </option>
    <option name="MARKDOWN.TEXT">
      <value>
        <option name="FOREGROUND" value="ffffff" />
        <option name="EFFECT_TYPE" value="0" />
      </value>
    </option>
    <option name="MARKDOWN.VERBATIM">
      <value>
        <option name="FOREGROUND" value="91ccff" />
        <option name="EFFECT_TYPE" value="-1" />
      </value>
    </option>
    <option name="MATCHED_BRACE_ATTRIBUTES">
      <value>
        <option name="BACKGROUND" value="3c5f8c" />
        <option name="EFFECT_TYPE" value="0" />
      </value>
    </option>
    <option name="METHOD_CALL_ATTRIBUTES">
      <value>
        <option name="FOREGROUND" value="ffcc33" />
        <option name="EFFECT_TYPE" value="0" />
      </value>
    </option>
    <option name="METHOD_DECLARATION_ATTRIBUTES">
      <value>
        <option name="FOREGROUND" value="d8a92f" />
        <option name="EFFECT_TYPE" value="0" />
      </value>
    </option>
    <option name="Makefile.DEFINITION">
      <value>
        <option name="FOREGROUND" value="fffab1" />
        <option name="EFFECT_TYPE" value="0" />
      </value>
    </option>
    <option name="Makefile.KEYWORD">
      <value>
        <option name="FOREGROUND" value="e66600" />
        <option name="EFFECT_TYPE" value="0" />
      </value>
    </option>
    <option name="Makefile.LINE_COMMENT">
      <value>
        <option name="FOREGROUND" value="a83ee6" />
        <option name="EFFECT_TYPE" value="0" />
      </value>
    </option>
    <option name="Makefile.TARGET">
      <value>
        <option name="FOREGROUND" value="e6b531" />
        <option name="EFFECT_TYPE" value="1" />
      </value>
    </option>
    <option name="Makefile.TEMPLATE_DATA">
      <value>
        <option name="FOREGROUND" value="63e600" />
        <option name="EFFECT_TYPE" value="0" />
      </value>
    </option>
    <option name="Map key">
      <value>
        <option name="FOREGROUND" value="fffab1" />
        <option name="EFFECT_TYPE" value="0" />
      </value>
    </option>
    <option name="NOT_USED_ELEMENT_ATTRIBUTES">
      <value>
        <option name="FOREGROUND" value="999999" />
        <option name="ERROR_STRIPE_COLOR" value="ffffff" />
        <option name="EFFECT_TYPE" value="0" />
      </value>
    </option>
    <option name="Number sign">
      <value>
        <option name="FOREGROUND" value="44b4cc" />
        <option name="EFFECT_TYPE" value="0" />
      </value>
    </option>
    <option name="OGNL.EXPRESSION">
      <value>
        <option name="FOREGROUND" value="81e6" />
        <option name="EFFECT_TYPE" value="0" />
      </value>
    </option>
    <option name="OTELLO.BANG_OPERATOR">
      <value>
        <option name="FONT_TYPE" value="1" />
        <option name="EFFECT_TYPE" value="0" />
      </value>
    </option>
    <option name="OTELLO.COMMENT">
      <value>
        <option name="FOREGROUND" value="50f050" />
        <option name="FONT_TYPE" value="2" />
        <option name="EFFECT_TYPE" value="0" />
      </value>
    </option>
    <option name="OTELLO.CURRENCY">
      <value>
        <option name="FOREGROUND" value="a0ffa0" />
        <option name="EFFECT_TYPE" value="0" />
      </value>
    </option>
    <option name="OTELLO.DATA_AMOUNT">
      <value>
        <option name="FOREGROUND" value="a0ffa0" />
        <option name="EFFECT_TYPE" value="0" />
      </value>
    </option>
    <option name="OTELLO.DATA_TYPE">
      <value>
        <option name="FOREGROUND" value="ffcc33" />
        <option name="FONT_TYPE" value="1" />
        <option name="EFFECT_TYPE" value="0" />
      </value>
    </option>
    <option name="OTELLO.DECIMAL">
      <value>
        <option name="FOREGROUND" value="ff8080" />
        <option name="EFFECT_TYPE" value="0" />
      </value>
    </option>
    <option name="OTELLO.IDENTIFIER">
      <value>
        <option name="FOREGROUND" value="91ccff" />
        <option name="EFFECT_TYPE" value="0" />
      </value>
    </option>
    <option name="OTELLO.MMS_TYPE">
      <value>
        <option name="FOREGROUND" value="ffcc33" />
        <option name="FONT_TYPE" value="1" />
        <option name="EFFECT_TYPE" value="0" />
      </value>
    </option>
    <option name="OTELLO.NEGATIVE_FLAG">
      <value>
        <option name="FOREGROUND" value="83a6c1" />
        <option name="EFFECT_TYPE" value="0" />
      </value>
    </option>
    <option name="OTELLO.OBJECT_TYPE">
      <value>
        <option name="FOREGROUND" value="99ff" />
        <option name="FONT_TYPE" value="1" />
        <option name="EFFECT_TYPE" value="0" />
      </value>
    </option>
    <option name="OTELLO.POSITIVE_FLAG">
      <value>
        <option name="FOREGROUND" value="83a6c1" />
        <option name="EFFECT_TYPE" value="0" />
      </value>
    </option>
    <option name="OTELLO.PROPERTY_NAME">
      <value>
        <option name="FOREGROUND" value="fffab1" />
        <option name="FONT_TYPE" value="1" />
        <option name="EFFECT_TYPE" value="0" />
      </value>
    </option>
    <option name="OTELLO.SMS_TYPE">
      <value>
        <option name="FOREGROUND" value="ffcc33" />
        <option name="FONT_TYPE" value="1" />
        <option name="EFFECT_TYPE" value="0" />
      </value>
    </option>
    <option name="OTELLO.TIME_PERIOD">
      <value>
        <option name="FOREGROUND" value="a0ffa0" />
        <option name="EFFECT_TYPE" value="0" />
      </value>
    </option>
    <option name="OTELLO.VOICE_TYPE">
      <value>
        <option name="FOREGROUND" value="ffcc33" />
        <option name="FONT_TYPE" value="1" />
        <option name="EFFECT_TYPE" value="0" />
      </value>
    </option>
    <option name="Operator or identifier">
      <value>
        <option name="EFFECT_TYPE" value="0" />
      </value>
    </option>
    <option name="PARAMETER_ATTRIBUTES">
      <value>
        <option name="FOREGROUND" value="fffab1" />
        <option name="EFFECT_TYPE" value="0" />
      </value>
    </option>
    <option name="PHP_EXEC_COMMAND_ID">
      <value>
        <option name="FOREGROUND" value="a0ffa0" />
        <option name="FONT_TYPE" value="1" />
        <option name="EFFECT_TYPE" value="0" />
      </value>
    </option>
    <option name="PHP_TAG">
      <value>
        <option name="FOREGROUND" value="81e6" />
        <option name="FONT_TYPE" value="1" />
        <option name="EFFECT_TYPE" value="0" />
      </value>
    </option>
    <option name="PRE.KEYWORD">
      <value>
        <option name="FOREGROUND" value="7ab4e6" />
        <option name="EFFECT_TYPE" value="0" />
      </value>
    </option>
    <option name="PY.SELF_PARAMETER">
      <value>
        <option name="FOREGROUND" value="ffcc33" />
        <option name="EFFECT_TYPE" value="-1" />
      </value>
    </option>
    <option name="PY.STRING">
      <value>
        <option name="FOREGROUND" value="a0ffa0" />
        <option name="EFFECT_TYPE" value="0" />
      </value>
    </option>
    <option name="RDOC_DIRECTIVE">
      <value>
        <option name="FOREGROUND" value="e6b531" />
        <option name="EFFECT_TYPE" value="0" />
      </value>
    </option>
    <option name="RDOC_EMAIL">
      <value>
        <option name="FOREGROUND" value="b3e633" />
        <option name="EFFECT_TYPE" value="0" />
      </value>
    </option>
    <option name="RDOC_HEADINGS">
      <value>
        <option name="FOREGROUND" value="9acd9a" />
        <option name="EFFECT_TYPE" value="0" />
      </value>
    </option>
    <option name="RDOC_IDENTIFIER">
      <value>
        <option name="FOREGROUND" value="ffcc33" />
        <option name="EFFECT_TYPE" value="0" />
      </value>
    </option>
    <option name="RDOC_KEYWORD">
      <value>
        <option name="FOREGROUND" value="b3e633" />
        <option name="EFFECT_TYPE" value="0" />
      </value>
    </option>
    <option name="RDOC_URL">
      <value>
        <option name="FOREGROUND" value="b3e633" />
        <option name="EFFECT_TYPE" value="0" />
      </value>
    </option>
    <option name="REGEXP.BRACES">
      <value>
        <option name="FOREGROUND" value="b3e633" />
        <option name="EFFECT_TYPE" value="0" />
      </value>
    </option>
    <option name="REGEXP.BRACKETS">
      <value>
        <option name="FOREGROUND" value="fffab1" />
        <option name="EFFECT_TYPE" value="0" />
      </value>
    </option>
    <option name="REGEXP.PARENTHS">
      <value>
        <option name="FOREGROUND" value="fffab1" />
        <option name="EFFECT_TYPE" value="0" />
      </value>
    </option>
    <option name="REGEXP.REDUNDANT_ESCAPE">
      <value>
        <option name="FOREGROUND" value="999999" />
        <option name="EFFECT_TYPE" value="0" />
      </value>
    </option>
    <option name="REMOTE_HOST_ALTERNATIVE_KEY">
      <value>
        <option name="FOREGROUND" value="98d44a" />
        <option name="EFFECT_TYPE" value="-1" />
      </value>
    </option>
    <option name="REMOTE_HOST_IMAGINARY_KEY">
      <value>
        <option name="FOREGROUND" value="619655" />
        <option name="EFFECT_TYPE" value="3" />
      </value>
    </option>
    <option name="REST.BOLD">
      <value>
        <option name="FOREGROUND" value="ffcc33" />
        <option name="FONT_TYPE" value="1" />
        <option name="EFFECT_TYPE" value="0" />
      </value>
    </option>
    <option name="REST.FIELD">
      <value>
        <option name="FOREGROUND" value="91ccff" />
        <option name="FONT_TYPE" value="1" />
        <option name="EFFECT_TYPE" value="0" />
      </value>
    </option>
    <option name="REST.INTERPRETED">
      <value>
        <option name="FOREGROUND" value="50f050" />
        <option name="EFFECT_TYPE" value="-1" />
      </value>
    </option>
    <option name="REST.ITALIC">
      <value>
        <option name="FONT_TYPE" value="2" />
        <option name="EFFECT_TYPE" value="-1" />
      </value>
    </option>
    <option name="RHTML_EXPRESSION_END_ID">
      <value>
        <option name="FOREGROUND" value="81e6" />
        <option name="EFFECT_TYPE" value="0" />
      </value>
    </option>
    <option name="RHTML_EXPRESSION_START_ID">
      <value>
        <option name="FOREGROUND" value="81e6" />
        <option name="EFFECT_TYPE" value="0" />
      </value>
    </option>
    <option name="RHTML_SCRIPTLET_END_ID">
      <value>
        <option name="FOREGROUND" value="81e6" />
        <option name="EFFECT_TYPE" value="0" />
      </value>
    </option>
    <option name="RHTML_SCRIPTLET_START_ID">
      <value>
        <option name="FOREGROUND" value="81e6" />
        <option name="EFFECT_TYPE" value="0" />
      </value>
    </option>
    <option name="RUBY_ATTR_ACCESSOR_CALL">
      <value>
        <option name="BACKGROUND" value="e8d3d3" />
        <option name="FONT_TYPE" value="1" />
        <option name="EFFECT_TYPE" value="0" />
      </value>
    </option>
    <option name="RUBY_ATTR_READER_CALL">
      <value>
        <option name="BACKGROUND" value="f6f6d0" />
        <option name="FONT_TYPE" value="1" />
        <option name="EFFECT_TYPE" value="0" />
      </value>
    </option>
    <option name="RUBY_ATTR_WRITER_CALL">
      <value>
        <option name="BACKGROUND" value="d2f7d2" />
        <option name="FONT_TYPE" value="1" />
        <option name="EFFECT_TYPE" value="0" />
      </value>
    </option>
    <option name="RUBY_CONSTANT">
      <value>
        <option name="FOREGROUND" value="e67373" />
        <option name="EFFECT_TYPE" value="0" />
      </value>
    </option>
    <option name="RUBY_CONSTANT_DEF_ID">
      <value>
        <option name="FOREGROUND" value="660e7a" />
        <option name="FONT_TYPE" value="3" />
        <option name="EFFECT_TYPE" value="0" />
      </value>
    </option>
    <option name="RUBY_IMPORT_CALL">
      <value>
        <option name="FONT_TYPE" value="1" />
        <option name="EFFECT_TYPE" value="0" />
      </value>
    </option>
    <option name="RUBY_PUBLIC_CALL">
      <value>
        <option name="FONT_TYPE" value="1" />
        <option name="EFFECT_TYPE" value="0" />
      </value>
    </option>
    <option name="RUBY_REQUIRE_ARG_CALL">
      <value>
        <option name="BACKGROUND" value="ebebf5" />
        <option name="EFFECT_TYPE" value="0" />
      </value>
    </option>
    <option name="Regular expression">
      <value>
        <option name="FOREGROUND" value="ff" />
        <option name="FONT_TYPE" value="1" />
        <option name="EFFECT_TYPE" value="0" />
      </value>
    </option>
    <option name="SASS_ATTRIBUTE">
      <value>
        <option name="FOREGROUND" value="999966" />
        <option name="FONT_TYPE" value="1" />
        <option name="EFFECT_TYPE" value="0" />
      </value>
    </option>
    <option name="SASS_CONSTANT">
      <value>
        <option name="FOREGROUND" value="ccff33" />
        <option name="FONT_TYPE" value="1" />
        <option name="EFFECT_TYPE" value="0" />
      </value>
    </option>
    <option name="SASS_DIRECTIVE">
      <value>
        <option name="FOREGROUND" value="ff6600" />
        <option name="FONT_TYPE" value="1" />
        <option name="EFFECT_TYPE" value="0" />
      </value>
    </option>
    <option name="SASS_MIXIN">
      <value>
        <option name="FOREGROUND" value="ffcc33" />
        <option name="EFFECT_TYPE" value="0" />
      </value>
    </option>
    <option name="SASS_RULE">
      <value>
        <option name="FOREGROUND" value="ff6600" />
        <option name="FONT_TYPE" value="1" />
        <option name="EFFECT_TYPE" value="0" />
      </value>
    </option>
    <option name="SCOPE_KEY_All">
      <value>
        <option name="EFFECT_TYPE" value="0" />
      </value>
    </option>
    <option name="SCOPE_KEY_Non-Project Files">
      <value>
        <option name="EFFECT_TYPE" value="0" />
      </value>
    </option>
    <option name="SCOPE_KEY_Problems">
      <value>
        <option name="EFFECT_TYPE" value="0" />
      </value>
    </option>
    <option name="SCOPE_KEY_Production">
      <value>
        <option name="EFFECT_TYPE" value="0" />
      </value>
    </option>
    <option name="SCOPE_KEY_Project Files">
      <value>
        <option name="EFFECT_TYPE" value="0" />
      </value>
    </option>
    <option name="SCOPE_KEY_Tests">
      <value>
        <option name="EFFECT_TYPE" value="0" />
      </value>
    </option>
    <option name="SEARCH_RESULT_ATTRIBUTES">
      <value>
        <option name="BACKGROUND" value="6969" />
        <option name="EFFECT_TYPE" value="0" />
      </value>
    </option>
    <option name="SMARTY_BRACKETS">
      <value>
        <option name="FOREGROUND" value="99ff" />
        <option name="EFFECT_TYPE" value="0" />
      </value>
    </option>
    <option name="SMARTY_IDENTIFIER">
      <value>
        <option name="FOREGROUND" value="99cc99" />
        <option name="EFFECT_TYPE" value="0" />
      </value>
    </option>
    <option name="SPY-JS.EXCEPTION">
      <value>
        <option name="BACKGROUND" value="202020" />
        <option name="EFFECT_TYPE" value="0" />
      </value>
    </option>
    <option name="SPY-JS.FUNCTION_SCOPE">
      <value>
        <option name="EFFECT_TYPE" value="0" />
      </value>
    </option>
    <option name="SPY-JS.PATH_LEVEL_ONE">
      <value>
        <option name="FOREGROUND" value="a0ffa0" />
        <option name="EFFECT_TYPE" value="2" />
      </value>
    </option>
    <option name="SPY-JS.PATH_LEVEL_TWO">
      <value>
        <option name="FOREGROUND" value="fffab1" />
        <option name="EFFECT_TYPE" value="1" />
      </value>
    </option>
    <option name="SPY-JS.PROGRAM_SCOPE">
      <value>
        <option name="EFFECT_TYPE" value="2" />
      </value>
    </option>
    <option name="SPY-JS.VALUE_HINT">
      <value>
        <option name="FOREGROUND" value="ffcc33" />
        <option name="EFFECT_TYPE" value="0" />
      </value>
    </option>
    <option name="STATIC_FIELD_ATTRIBUTES">
      <value>
        <option name="FOREGROUND" value="fffab1" />
        <option name="EFFECT_TYPE" value="0" />
      </value>
    </option>
    <option name="STATIC_FINAL_FIELD_ATTRIBUTES">
      <value>
        <option name="FOREGROUND" value="e67373" />
        <option name="EFFECT_TYPE" value="0" />
      </value>
    </option>
    <option name="STATIC_METHOD_ATTRIBUTES">
      <value>
        <option name="FOREGROUND" value="e6b531" />
        <option name="EFFECT_TYPE" value="0" />
      </value>
    </option>
    <option name="Scala Predefined types">
      <value>
        <option name="FOREGROUND" value="7ab4e6" />
        <option name="EFFECT_TYPE" value="0" />
      </value>
    </option>
    <option name="Shebang (#!) comment">
      <value>
        <option name="FOREGROUND" value="8000" />
        <option name="FONT_TYPE" value="1" />
        <option name="EFFECT_TYPE" value="0" />
      </value>
    </option>
    <option name="Special symbol">
      <value>
        <option name="FOREGROUND" value="e66600" />
        <option name="EFFECT_TYPE" value="0" />
      </value>
    </option>
    <option name="Standard function">
      <value>
        <option name="FOREGROUND" value="7ab4e6" />
        <option name="EFFECT_TYPE" value="0" />
      </value>
    </option>
    <option name="Static property reference ID">
      <value>
        <option name="FOREGROUND" value="fffab1" />
        <option name="EFFECT_TYPE" value="0" />
      </value>
    </option>
    <option name="String &quot;...&quot;">
      <value>
        <option name="FOREGROUND" value="66ff00" />
        <option name="FONT_TYPE" value="1" />
        <option name="EFFECT_TYPE" value="0" />
      </value>
    </option>
    <option name="String '...'">
      <value>
        <option name="FOREGROUND" value="66ff00" />
        <option name="FONT_TYPE" value="1" />
        <option name="EFFECT_TYPE" value="0" />
      </value>
    </option>
    <option name="TEMPLATE_VARIABLE_ATTRIBUTES">
      <value>
        <option name="FOREGROUND" value="e6b531" />
        <option name="EFFECT_TYPE" value="0" />
      </value>
    </option>
    <option name="TEXT">
      <value>
        <option name="FOREGROUND" value="ffffff" />
        <option name="BACKGROUND" value="c0c0c" />
        <option name="EFFECT_TYPE" value="0" />
      </value>
    </option>
    <option name="TEXT_SEARCH_RESULT_ATTRIBUTES">
      <value>
        <option name="FOREGROUND" value="66ff00" />
        <option name="BACKGROUND" value="364b3d" />
        <option name="ERROR_STRIPE_COLOR" value="ff00" />
        <option name="EFFECT_TYPE" value="0" />
      </value>
    </option>
    <option name="TODO_DEFAULT_ATTRIBUTES">
      <value>
        <option name="FOREGROUND" value="659b58" />
        <option name="FONT_TYPE" value="1" />
        <option name="ERROR_STRIPE_COLOR" value="99ff" />
        <option name="EFFECT_TYPE" value="0" />
      </value>
    </option>
    <option name="TS_IGNORED_TEXT">
      <value>
        <option name="FONT_TYPE" value="1" />
        <option name="EFFECT_TYPE" value="0" />
      </value>
    </option>
    <option name="TS_MULTILINE_COMMENT">
      <value>
        <option name="FOREGROUND" value="9933cc" />
        <option name="FONT_TYPE" value="1" />
        <option name="EFFECT_TYPE" value="0" />
      </value>
    </option>
    <option name="TS_ONE_LINE_COMMENT">
      <value>
        <option name="FOREGROUND" value="9933cc" />
        <option name="FONT_TYPE" value="1" />
        <option name="EFFECT_TYPE" value="0" />
      </value>
    </option>
    <option name="TWIG_BRACKETS">
      <value>
        <option name="FOREGROUND" value="99ff" />
        <option name="EFFECT_TYPE" value="0" />
      </value>
    </option>
    <option name="TWIG_STRING">
      <value>
        <option name="FOREGROUND" value="66ff00" />
        <option name="FONT_TYPE" value="1" />
        <option name="EFFECT_TYPE" value="0" />
      </value>
    </option>
    <option name="TYPE_PARAMETER_NAME_ATTRIBUTES">
      <value>
        <option name="FOREGROUND" value="7ab4e6" />
        <option name="EFFECT_TYPE" value="0" />
      </value>
    </option>
    <option name="TYPO">
      <value>
        <option name="EFFECT_COLOR" value="8000" />
        <option name="EFFECT_TYPE" value="2" />
      </value>
    </option>
    <option name="Type or constructor">
      <value>
        <option name="FOREGROUND" value="9acd9a" />
        <option name="EFFECT_TYPE" value="0" />
      </value>
    </option>
    <option name="UNMATCHED_BRACE_ATTRIBUTES">
      <value>
        <option name="BACKGROUND" value="8c3c66" />
        <option name="EFFECT_TYPE" value="0" />
      </value>
    </option>
    <option name="Unresolved reference access">
      <value>
        <option name="FOREGROUND" value="fffab1" />
        <option name="EFFECT_COLOR" value="808080" />
        <option name="EFFECT_TYPE" value="1" />
      </value>
    </option>
    <option name="Variable declaration, e.g. a=1">
      <value>
        <option name="FOREGROUND" value="fffab1" />
        <option name="EFFECT_TYPE" value="0" />
      </value>
    </option>
    <option name="Variable use $a">
      <value>
        <option name="FOREGROUND" value="fffab1" />
        <option name="FONT_TYPE" value="1" />
        <option name="EFFECT_TYPE" value="0" />
      </value>
    </option>
    <option name="Variable use of built-in ($PATH, ...)">
      <value>
        <option name="FOREGROUND" value="fffab1" />
        <option name="FONT_TYPE" value="1" />
        <option name="EFFECT_TYPE" value="0" />
      </value>
    </option>
    <option name="Variable use of composed variable like ${A}">
      <value>
        <option name="FOREGROUND" value="fffab1" />
        <option name="FONT_TYPE" value="1" />
        <option name="EFFECT_TYPE" value="0" />
      </value>
    </option>
    <option name="WARNING_ATTRIBUTES">
      <value>
        <option name="EFFECT_COLOR" value="e6b531" />
        <option name="ERROR_STRIPE_COLOR" value="e6b531" />
        <option name="EFFECT_TYPE" value="2" />
      </value>
    </option>
    <option name="WRITE_IDENTIFIER_UNDER_CARET_ATTRIBUTES">
      <value>
        <option name="BACKGROUND" value="582a82" />
        <option name="ERROR_STRIPE_COLOR" value="800080" />
        <option name="EFFECT_TYPE" value="0" />
      </value>
    </option>
    <option name="WRITE_SEARCH_RESULT_ATTRIBUTES">
      <value>
        <option name="BACKGROUND" value="582a82" />
        <option name="EFFECT_TYPE" value="0" />
      </value>
    </option>
    <option name="WRONG_REFERENCES_ATTRIBUTES">
      <value>
        <option name="FOREGROUND" value="e64f4f" />
        <option name="ERROR_STRIPE_COLOR" value="e64f4f" />
        <option name="EFFECT_TYPE" value="0" />
      </value>
    </option>
    <option name="Wrong number">
      <value>
        <option name="FOREGROUND" value="e64f4f" />
        <option name="EFFECT_TYPE" value="0" />
      </value>
    </option>
    <option name="Wrong string">
      <value>
        <option name="FOREGROUND" value="e64f4f" />
        <option name="EFFECT_TYPE" value="0" />
      </value>
    </option>
    <option name="Wrong token">
      <value>
        <option name="EFFECT_COLOR" value="e64f4f" />
        <option name="EFFECT_TYPE" value="2" />
      </value>
    </option>
    <option name="YAML_SCALAR_VALUE4">
      <value>
        <option name="BACKGROUND" value="e8d3d3" />
        <option name="EFFECT_TYPE" value="0" />
      </value>
    </option>
    <option name="go.type.name">
      <value>
        <option name="FOREGROUND" value="7ab4e6" />
        <option name="EFFECT_TYPE" value="1" />
      </value>
    </option>
  </attributes>
</scheme>

